"file","md5"
".DS_Store","ebbb847bdcd7327a06dced1bc11b39a9"
".Rbuildignore","b448807b8fb2d44e049c8d54dc8b2074"
".RData","05ef71a455f1073c728a165aa2e80193"
".Rhistory","f9dfcd94d9f14780599359732ea8c300"
".Rproj.user/E969E3D8/cpp-definition-cache","d751713988987e9331980363e24189ce"
".Rproj.user/E969E3D8/pcs/debug-breakpoints.pper","dffe33cc8725983ad58108f74ed1093d"
".Rproj.user/E969E3D8/pcs/files-pane.pper","b5f1a1f0a2bb38ee79ef53c76244c02a"
".Rproj.user/E969E3D8/pcs/source-pane.pper","94905089ff7c663eda8dad4279207d8d"
".Rproj.user/E969E3D8/pcs/windowlayoutstate.pper","c4da07e4307fee22819715f47233c3e1"
".Rproj.user/E969E3D8/pcs/workbench-pane.pper","d850f895da34832f192b608be7ab38b9"
".Rproj.user/E969E3D8/persistent-state","9f36e0d932844a64e2b17a84b40d19e8"
".Rproj.user/E969E3D8/rmd-outputs","cc9067c2ee470dc248b14b194209a34e"
".Rproj.user/E969E3D8/saved_source_markers","03848550b5519652cec02c7edb2ca8a4"
".Rproj.user/E969E3D8/sources/prop/05DD4726","9fbaffda861759cbf1826d46205afdbf"
".Rproj.user/E969E3D8/sources/prop/2E3D75B6","9fbaffda861759cbf1826d46205afdbf"
".Rproj.user/E969E3D8/sources/prop/3039A8B3","2516508a2b62ed490774e0e0e0f83db8"
".Rproj.user/E969E3D8/sources/prop/3590F5C3","9fbaffda861759cbf1826d46205afdbf"
".Rproj.user/E969E3D8/sources/prop/45A03217","0509290428e80d6dabf6297c8e387161"
".Rproj.user/E969E3D8/sources/prop/794528B8","9fbaffda861759cbf1826d46205afdbf"
".Rproj.user/E969E3D8/sources/prop/9621643D","9fbaffda861759cbf1826d46205afdbf"
".Rproj.user/E969E3D8/sources/prop/9B158D06","d90564b30f9d2d162649ed1e33ce544c"
".Rproj.user/E969E3D8/sources/prop/AAC87FDF","a11873b1a457dbd93528093857ca6686"
".Rproj.user/E969E3D8/sources/prop/CFDC72FC","9fbaffda861759cbf1826d46205afdbf"
".Rproj.user/E969E3D8/sources/prop/INDEX","5023698c03bf3ba0bc6d192f28eb3b90"
".Rproj.user/E969E3D8/sources/session-1946e0a6/024F05E8-contents","cc938600733e3b6b7e562bcde076857e"
".Rproj.user/E969E3D8/sources/session-1946e0a6/0C800D6D-contents","9f8d1ca60bb8bc5d364308a177363697"
".Rproj.user/E969E3D8/sources/session-1946e0a6/107A182F-contents","69ffb649a6d59b8e10cbd48dc267c2ec"
".Rproj.user/E969E3D8/sources/session-1946e0a6/1D848D94-contents","d41d8cd98f00b204e9800998ecf8427e"
".Rproj.user/E969E3D8/sources/session-1946e0a6/3302789A-contents","d41d8cd98f00b204e9800998ecf8427e"
".Rproj.user/E969E3D8/sources/session-1946e0a6/45483D3B-contents","ab3b64ece11eff1559d236d20ea3ae1b"
".Rproj.user/E969E3D8/sources/session-1946e0a6/5CD88CF7-contents","f770b58c53b35d442a1621ea812e1902"
".Rproj.user/E969E3D8/sources/session-1946e0a6/6CE60F02-contents","d41d8cd98f00b204e9800998ecf8427e"
".Rproj.user/E969E3D8/sources/session-1946e0a6/9821B11A","768758d86a9a4f3953f0140609e14073"
".Rproj.user/E969E3D8/sources/session-1946e0a6/9821B11A-contents","102626cb4182e8fbc844137e051f8ecf"
".Rproj.user/E969E3D8/sources/session-1946e0a6/9FCDEAE4-contents","0eb934c4048e62f41e6f450eebb51911"
".Rproj.user/E969E3D8/sources/session-1946e0a6/ACB40706-contents","d41d8cd98f00b204e9800998ecf8427e"
".Rproj.user/E969E3D8/sources/session-1946e0a6/B10A4900-contents","d41d8cd98f00b204e9800998ecf8427e"
".Rproj.user/E969E3D8/sources/session-1946e0a6/B4C83564-contents","c4206352330ed1923beedd9de7b9677d"
".Rproj.user/E969E3D8/sources/session-1946e0a6/BE9598DD-contents","127f8bf8e352286d3fe939d968f7e12d"
".Rproj.user/E969E3D8/sources/session-1946e0a6/CD2672FF-contents","b8a85f331c0fdcaff3b67eee1c49c402"
".Rproj.user/E969E3D8/sources/session-1946e0a6/D411B5BF-contents","d41d8cd98f00b204e9800998ecf8427e"
".Rproj.user/E969E3D8/sources/session-1946e0a6/E32CE1CF-contents","d41d8cd98f00b204e9800998ecf8427e"
".Rproj.user/E969E3D8/sources/session-1946e0a6/E8DAEA33-contents","149ac5554765fc262ff3c6e22c7f57c3"
".Rproj.user/E969E3D8/sources/session-1946e0a6/F9896359-contents","d41d8cd98f00b204e9800998ecf8427e"
".Rproj.user/E969E3D8/sources/session-1946e0a6/lock_file","d41d8cd98f00b204e9800998ecf8427e"
".Rproj.user/shared/notebooks/patch-chunk-names","d41d8cd98f00b204e9800998ecf8427e"
".Rproj.user/shared/notebooks/paths","0585e09ef6941078f3b42485260305d6"
"CLEAN_RELEASE_GUIDE.txt","281e0b350330ad253aa71ba4da5417d9"
"CLEAN_RELEASE_V2_GUIDE.txt","9171356f8003dce6da9cb9034547c621"
"CLEAN_TREE_MANIFEST.txt","9bb05d5ce18719b7890026c06d79a2c0"
"DESCRIPTION","26b943092e1f50801a8d7e6113f2fc35"
"inst/.DS_Store","1858389ba8d459f8800453edbe177cf1"
"inst/extdata/contracts/parameter_map_contract_v0.1.csv","5861df149292f935d0385c482ff3adf3"
"inst/extdata/contracts/trace_contract_v0.1.csv","b0578eb5b8b4c9fad5f41488bc7816aa"
"inst/extdata/examples/example_trace.csv","2c2b1a869405e7738bf246d732a6ae52"
"inst/shiny/app/app.R","ac053a9a0fdae4c5bc51ec9d722687a9"
"LICENSE","d3b50d7260fc319327ea3befe56190df"
"man/run_trace_explorer.Rd","a843039fff3b2abaf49440abc7dfd2ec"
"man/te_analytical_reference_data.Rd","0a601459ee46ece52f9bfd3f99ace907"
"man/te_analytical_reference.Rd","aafff3f7f770d81e19aa727e47aea6be"
"man/te_architecture_data.Rd","2889126ee5d006c95f832ff55f1a57d7"
"man/te_architecture.Rd","ffd360eadfec8b4f714cdb2626cb5f4d"
"man/te_article_analytical_reference.Rd","702fb8833c622ecfe05c5b21378634e6"
"man/te_article_case_set_boundaries.Rd","3b8e4e33846d9127bd8245924eff78fa"
"man/te_article_case_set_boundary_overlay.Rd","96e3b9fec09a62065004331f9ecf4d6e"
"man/te_article_case_set_formalspec_summary.Rd","7136ff1133dc329db370e3e0c8c23020"
"man/te_article_case_set_index.Rd","6d4b21e0ec75b15368f82f009346ad3c"
"man/te_article_case_set_loss_summary.Rd","38f893eb7514d37e91b1604e8978db37"
"man/te_article_case_set_loss_view.Rd","3ad42f9866b2832387780f24ef8affca"
"man/te_article_case_set_regime_occupancy.Rd","02ee59c55a3fef82e13ff47cf8526307"
"man/te_article_case_set_semantic_lanes.Rd","3d4a424a323a4442c5c2eadfbbefc281"
"man/te_article_case_set_semantic_timeline.Rd","ec8074746fd53b76b08d930b8ee2da50"
"man/te_article_case_set_trace_data.Rd","4741c2b8d70333ba9cdcf67267a75bd4"
"man/te_article_case_set_transition_signature.Rd","c26a1f5f4ecbe371eaf61d2efa8b53d5"
"man/te_article_case_set_transition_timeline.Rd","951b8464ea58c0be6056e092203b4cc0"
"man/te_article_case_set.Rd","91ffa5698398e4a559ccf441209de26e"
"man/te_article_case_summary.Rd","77ecc0bab2481f7526e622582a3ee307"
"man/te_article_cases_multirun.Rd","d5a43931c91230c3c2ad1371a3487766"
"man/te_article_catalog_summary.Rd","9e30fd5c50526d7d9a82209bb8d301f8"
"man/te_article_catalog.Rd","6b160fdcc7b704084874d3db5042e1db"
"man/te_article_classify_object.Rd","002dc4b10a83e2c484d88a4965b5a293"
"man/te_article_display_state.Rd","e36e4e852a114600fc2c3db9f1a20887"
"man/te_article_experiment_registry.Rd","6b280298fa08b26cb5af79cfc27ba76a"
"man/te_article_filter.Rd","3f45f45581da9093815fca1628c60000"
"man/te_article_import_object.Rd","60144e65abc091ae072b416d424d2844"
"man/te_article_inventory.Rd","5a893f1d5b050827d723b66d3299ed7b"
"man/te_article_load_case_set.Rd","3a16d5cb14e9d5e1814deb3031241cde"
"man/te_article_load_catalog_case.Rd","c08e58c7a38b18520ff090c06aed59fc"
"man/te_article_load_rds.Rd","45f4aa19b7199ff37cb579e6bf4421b8"
"man/te_article_project_registry.Rd","5d7a5fa52e5b1f2f9708197405ba415a"
"man/te_bridge_ml_variable.Rd","8f6eaff2eda2516a578fc8d07b60647f"
"man/te_bridge_registry.Rd","5ed1b250e91d9910faa39f41b488ab7d"
"man/te_bridge_rnas_mlp.Rd","5c234f484a469027d18e0da414b2738a"
"man/te_bridge.Rd","d81ecef876389f0de8e67b0efcf1c995"
"man/te_capabilities.Rd","14c2c0b56cd3abac15f7d767532045ba"
"man/te_contract.Rd","5d81179cf9659747e917ad3ce753f7e5"
"man/te_control_space.Rd","cf63f358615092b9de270b2982510123"
"man/te_demo_mlp_trace.Rd","420174e110b4202b9f410d363c31c40b"
"man/te_demo_multilayer_trace.Rd","3029136c8313523658fb5a21186e767a"
"man/te_detect_source.Rd","1b90e3b2fce05fd3766cdbe4251f71dd"
"man/te_evidence_analytical_contrast.Rd","b4a3072d4de9836199a2ba94d11783af"
"man/te_evidence_extension_points.Rd","79bb5d27531b3fd010dd09e88d4d310f"
"man/te_evidence_level_contract.Rd","403f618685f264f19a7d0071de5c4be1"
"man/te_evidence_stack_decisions.Rd","580195116e2737c187d1047e2649b30c"
"man/te_evidence_stack_levels.Rd","91d38d7f94637bbbad746ab78a95a14d"
"man/te_evidence_stack.Rd","9bdf304285427680029c67d4873dea83"
"man/te_example_ml_variable.Rd","3f9d03f3693d7a4606d14da25396e3d9"
"man/te_example_multirun_ml.Rd","d60b3da358879b5b26a9799b2a5380d8"
"man/te_example_rnas_mlp.Rd","a53532b93a40084f5e2d6edea50ea5df"
"man/te_export_article_comparison_bundle.Rd","b6d0bbabe1921b002fb9a0369aa052e9"
"man/te_export_evidence_bundle.Rd","a3ca75ba794473e08f202c03d9db5873"
"man/te_formalspec_preflight.Rd","81b42502a8b48716c770ee02ea784677"
"man/te_formalspec_protocol.Rd","c2253e6516eb2375451298331580af09"
"man/te_formalspec_summary.Rd","fb826c1486753b5d2e55f692dd8e6daf"
"man/te_layer_dynamics.Rd","c5acb290b4ab96d8a50c41a335224588"
"man/te_learning_space.Rd","2c5feaa24c1c3ba09216db24e9c683da"
"man/te_mlp_architecture.Rd","efa43ff233dc8c1fe5a191c750dfecca"
"man/te_multirun_architectures.Rd","eacb41e33067f92e3858dae0b2dbbfc8"
"man/te_multirun_formalspec_summary.Rd","54b1fbb6f08efea6f918ab9f07b43a0b"
"man/te_multirun_formalspec.Rd","6d61afdddd1a7f2f504dd60340d4b34c"
"man/te_multirun_index.Rd","13da12b81c79db9367ebf8c840c6cc66"
"man/te_multirun_semantic_data.Rd","0ed057f54fe3ba07498b006d6e0fbd07"
"man/te_multirun_trace_data.Rd","b92c6910237305fe1cf9eea8b4d8b28b"
"man/te_multirun.Rd","6aa0ba48e8e767f6bde73604e45dad4d"
"man/te_normalized_time.Rd","c84b55c756d6a4e316cb4a65548cfeb8"
"man/te_observed_data_profile.Rd","674f944c812d6d8d4ec012d634e500ae"
"man/te_parameter_block_dynamics.Rd","f6efaa170b86fbd88c2c7a9ab37584af"
"man/te_parameter_map_data.Rd","5496a05fa45b043ca20eabfe21ce79ed"
"man/te_parameter_map_ml_variable.Rd","4cded4b57296b03d7a977d2ce4558c9b"
"man/te_parameter_map.Rd","33b0eb1afd1b44fc53c742ca0f18d543"
"man/te_parameter_space.Rd","ae8f7f23467222175b5a3b4bf11e911f"
"man/te_parameter_trajectories.Rd","d1cc1cb6096ce291512d419b9f76eb91"
"man/te_plotly_axis_spec.Rd","badac07d23e1a4531a2d44872390b4d8"
"man/te_regime_feature_space.Rd","6aee249d9ae3576e1786716071d688f9"
"man/te_register_bridge.Rd","4e0efc0c9673c77be9f3b8972cf39175"
"man/te_register_default_bridges.Rd","d844f3d1a97c8ee6b82d1a95d19123c0"
"man/te_resolve_space.Rd","391f038dc75cc4edcef1c66e61a2b8c7"
"man/te_run_formalspec.Rd","692c44b6957698edc0c27e27a5379509"
"man/te_space_availability.Rd","da6939613cf9c814799af8ab1db8f948"
"man/te_to_formalspec.Rd","ad86b588742d7cdc7a1d39cf69641fca"
"man/te_trace_data.Rd","098aabc6194c99780666d75f236afbb0"
"man/te_trace.Rd","51fb3f85fabf257b401453e8342c644f"
"man/te_traceability_index.Rd","8938410a028421d68578060f894336c3"
"man/te_validate_analytical_reference.Rd","6719878d091672d5797d7122886b3671"
"man/te_validate_architecture.Rd","e69953e7b0dca3f79a7b328a954335f7"
"man/te_validate_article_case_set.Rd","9f3deea58b6eba2a0836ac2b4e9f9519"
"man/te_validate_evidence_stack.Rd","739dc7774bbb517586cf0c3a0c6fc58b"
"man/te_validate_formalspec_analysis.Rd","c17d7905bfbb9c26e9d7601d1df2f6b7"
"man/te_validate_multirun_formalspec.Rd","250c918da95872da242dba2dfbc72bc1"
"man/te_validate_multirun.Rd","313ebbc703dd4eada662bf7aae8c952e"
"man/te_validate_trace.Rd","16546778bcbc58af738b5bd6d548ab1e"
"man/te_verify_parameter_decomposition.Rd","9d2d284901b04a541a1e5e32e5db4138"
"man/te_visual_spec.Rd","7355dacc9348158b8a1ac8875faa6485"
"man/te_webgl_display_policy.Rd","6f10210124c7468f442f9163f807fbf2"
"NAMESPACE","168b3e3dba9e6bd765c76a75b327e8ed"
"R/00-utils.R","dc3fe7feaa3e7881fe018a04ffa15b26"
"R/01-contract.R","fc9ae076f2dd8aaa77b84f6b65fcfdc9"
"R/02-trace.R","65f69456487efc48887d907956789c2a"
"R/03-parameter-map.R","05a3f11a85751df71b8ac78802e6f7d5"
"R/04-bridge-registry.R","9f8d1ca60bb8bc5d364308a177363697"
"R/05-default-bridges.R","c074d34d7913ac823aa09fc66a86e9c1"
"R/06-formalspec.R","092ed21ca9ba5d2106b95da79344ec24"
"R/07-spaces.R","282c29d1fdc98188916237e67a77b139"
"R/08-traceability.R","7aaf9c1f61526eaa8d021151651ed329"
"R/09-demo.R","80a8699e52a0cad24ba78772cb06a0ec"
"R/10-run-app.R","dd9a0e0ee84f5b8de30a11919031eec6"
"R/11-mlp-bridges.R","ca5b9ca460786019347728ee538b15dd"
"R/12-architecture-contract.R","c68be48fd7217def0d6d7aaa42766650"
"R/13-parameter-block-dynamics.R","873a49fefee0095d229b1dd1d41b1d74"
"R/14-generic-mlp-demo.R","3a080ce72a0b9a91219fd9c6ce52fdc7"
"R/15-multirun.R","9085ae71263eed9b0fdc0101ce44a719"
"R/16-multirun-formalspec.R","aef0b959f666a028a58cc86415a17754"
"R/17-article-integration.R","c04a51fb2c1dab33973422eac3716d5f"
"R/18-evidence-bundle.R","549644c3f5bae3f9aeab2dbcb2099c58"
"R/19-article-navigator.R","f6dcb1bc01d05526bd8095c89bd21a3b"
"R/20-article-comparison.R","b6de11f81169a12e6d18e938c7f3cabf"
"R/21-article-comparison-views.R","7dbe4c59749e0d9e7d1a79a0cd0489e7"
"R/22-article-semantic-comparison.R","1dd705be1cd80e43c14f29ff74bd1381"
"R/23-semantic-lanes.R","636fd72a8585e09f99d434339720c606"
"R/24-evidence-stack.R","bc0dc6c93af952567fc0503fa8613f68"
"R/25-browser-visual-policy.R","b97f59ff433847094b8f06a87873b5a7"
"R/26-visual-spec.R","84c7e77b3cf702a5e3eb63e62f527cee"
"R/zzz.R","7f5da0047873fbe5daabe6663dac0d03"
"README.md","77bab61004e90e3e8f957b854f6aab2a"
"tests/testthat.R","5300e4420d341b465f5e84e702cd1f85"
"tests/testthat/test-architecture-contract.R","04c07e11cd64e48a0d273336573844d1"
"tests/testthat/test-article-comparison-views.R","b39f28b9bb52cc8b2b0ba62e5b5ec6c4"
"tests/testthat/test-article-comparison.R","cce1d790ebec7a964aea8fa854f7e60f"
"tests/testthat/test-article-integration.R","b404475de08a4ca02641379112288648"
"tests/testthat/test-article-inventory.R","4a7090104aae79ea9387038586a69c3f"
"tests/testthat/test-article-navigator.R","617409cd976722de4d7cb50916a68757"
"tests/testthat/test-article-semantic-comparison.R","c51067622b07678e3ea20e35dda23bde"
"tests/testthat/test-block-dynamics.R","d9dcc11709dfce3e75ea7ec5a105f83f"
"tests/testthat/test-bridges.R","a7856da0e1e54106e68dabdf8119b9c3"
"tests/testthat/test-browser-visual-policy.R","a639a25d29bb9fb4ec04a7339ce56c67"
"tests/testthat/test-capabilities.R","e9206483850b37d912958aa0e8e5a94e"
"tests/testthat/test-contract.R","4427e5ae2f0b53b09e149dc017c4f102"
"tests/testthat/test-evidence-bundle.R","fa0d19363553a0be60b65475856dbbd3"
"tests/testthat/test-evidence-stack.R","c97f6142c6820bddff7ed113debac321"
"tests/testthat/test-formalspec-integration.R","b519beccd487396ac6a458fbb6b8f740"
"tests/testthat/test-load-order.R","642ebd65652ddd296b9ec5df1fdcf584"
"tests/testthat/test-ml-delta-normalization.R","bf5c252138417c36135e8b9190127994"
"tests/testthat/test-multirun-formalspec.R","fecc8fc7fa525b7ca1d46f7ec626f31d"
"tests/testthat/test-multirun.R","2115ad4a90df647cf988cf2899a89f9d"
"tests/testthat/test-real-mlp-bridges.R","868131a5b294c2f5310e173855687d9c"
"tests/testthat/test-real-multirun.R","15ca3582db0af1c6548c3fc19178a211"
"tests/testthat/test-rnas-neuron-source-object.R","3e3a84533b3f12e5c7d18aaea86a4127"
"tests/testthat/test-semantic-lanes.R","af9e55e85945a82fa48dcfdb970298dc"
"tests/testthat/test-space-availability.R","66e8787b4faf1373318c7aa662143002"
"tests/testthat/test-spaces.R","91157026c6dbe9b71df762ab28bcd2d6"
"tests/testthat/test-traceability.R","fc3b47c3defadf626326a44b0b1ae91d"
"tests/testthat/test-visual-spec.R","3a92b58894ebdbedf2cb5c2599782346"
"tools/FINAL_RELEASE.R","102626cb4182e8fbc844137e051f8ecf"
"TraceExplorer.DSNeuralRNAS.Rproj","ee4c889905b0d502628cf2f5153bd29d"
